Board/Commission,Name,Last Action Date,Last Action,Replacing,County,Address,LD of Residence
Administrative Law Judge,Sudha V. Raja,12/18/2025,Interviewed,for term,Monmouth,Colts Neck,N/A
Delaware and Raritan Canal Commission,Robert  Bostock,12/18/2025,Considered,Julia Cobb Allen,Mercer,Lawrenceville,N/A
Superior Court,Kerry C. Soranno,12/18/2025,Interviewed,Francis J. Vernoia,Monmouth,Morganville,N/A
Delaware and Raritan Canal Commission,Randy  Jones,12/18/2025,Considered,John Loos,"Middlesex, Somerset",Franklin Park,N/A
Division of Workers' Compensation,Glenn  Kaplan,12/18/2025,Interviewed,Reappointment,N/A,Randolph,N/A
Superior Court,Daniel J. Kelly,12/18/2025,Interviewed,Gerald J. Council,Mercer,Titusville,N/A
New Jersey Historic Trust,Deborah Marquis Kelly,12/18/2025,Considered,Reappointment,Burlington,Crosswicks,N/A
Motion Picture and Television Development Commission,David  Smith,12/18/2025,Considered,Reappointment,Mercer,Pennington,N/A
State Parole Board,Ronald  Slaughter,12/18/2025,Interviewed,Reappointment,Essex,West Orange,N/A
Highlands Water Protection and Planning Council,Tammy  Koop,12/18/2025,Interviewed,James Mengucci,Warren,Belvidere,N/A
College of New Jersey -  Board of Trustees,Lauren  Lalicon,12/18/2025,Considered,Maria Falca-Dodson,Mercer,Hightstown,N/A
Superior Court,Christopher B. Leitner,12/18/2025,Interviewed,Theresa A. Cunningham,"Camden, Ocean",Point Pleasant,N/A
College of New Jersey -  Board of Trustees,Allen  Silk,12/18/2025,Considered,Reappointment,Monmouth,Sea Girt,N/A
State Board of Education,James  Williams,12/18/2025,Interviewed,Elaine Bobrove,Camden,Camden,N/A
Montclair State University - Board of Trustees,Eric  Brophy,12/18/2025,Considered,John McGoldrick,Monmouth,Wall,N/A
Highlands Water Protection and Planning Council,Melonie  Marano,12/18/2025,Interviewed,Robert Walton,N/A,Green Brook,N/A
New Jersey Institute of Technology University Board of Trustees,Richard  Maser,12/18/2025,Considered,Reappointment,Monmouth,Long Branch,N/A
New Jersey Advisory Commission on the Status of Women,Jackie  Cornell,12/18/2025,Considered,Deborah Veach,Mercer,Pennington,N/A
Administrative Law Judge,Gerard A. Hughes,12/18/2025,Interviewed,for term,Monmouth,Spring Lake Heights,N/A
Division of Workers' Compensation,Fred  Hopke,12/18/2025,Interviewed,Reappointment,Middlesex,Metuchen,N/A
Superior Court,John H. Flammer III,12/18/2025,Interviewed,Bernard E. DeLury,Atlantic,Port Republic,N/A
Superior Court,Christina Y. Emery,12/18/2025,Interviewed,Paula T. Dow,Burlington,Hainesport,N/A
Superior Court,Valentina M. DiPippo,12/18/2025,Interviewed,Mitchel E. Ostrer,Mercer,Ewing,N/A
Superior Court,R. Tali  Epstein,12/18/2025,Interviewed,Michael F. O'Neill,"Middlesex, Sussex",Edison,N/A
Middlesex County Prosecutor,Linda  Estremera,12/18/2025,Interviewed,Yolanda Ciccone,Middlesex,Perth Amboy,N/A
Superior Court,Amy  Devenny,12/18/2025,Interviewed,Wayne J. Forrest,Mercer,Robbinsville,N/A
Superior Court,Melvina D. Fennell,12/18/2025,Interviewed,Rahat N. Babar,Mercer,Ewing,N/A
Board of Directors of University Hospital,Tracie  DeSarno,12/18/2025,Interviewed,David Molowa,"Hunterdon, Middlesex, Union",Union,N/A
New Jersey Educational Facilities Authority,Joshua  Hodes,12/18/2025,Considered,Reappointment,Monmouth,Sea Girt,N/A
New Jersey Institute of Technology University Board of Trustees,Dennis  Toft,12/18/2025,Considered,Reappointment,Union,Berkeley Heights,N/A
Superior Court,Daniel  Gee,12/18/2025,Interviewed,Thomas J. Shusted Jr.,Camden,Haddon Township,N/A
Superior court,Tracy M. Thompson,12/18/2025,Interviewed,Robert W. Bingham,Mercer,Ewing,N/A
Gateway Development Commission,Balpreet  Grewal-Virk,12/18/2025,Interviewed,Reappointment,Bergen,Upper Saddle River,N/A
State Lottery Commission,Robert James D'Anton,12/18/2025,Considered,Reappointment,Ocean,Lavallette,N/A
Administrative Law Judge,Diane  Hoagland,12/18/2025,Interviewed,for term,"Burlington, Hunterdon, Middlesex, Morris, Salem, Somerset, Union",Milltown,N/A
Division of Workers' Compensation,Dana Wilt Mayo,12/18/2025,Interviewed,Reappointment,N/A,North Brunswick,N/A
Board of Directors of University Hospital,Mark  Lattouf,12/18/2025,Interviewed,Reappointment,N/A,"Lake Worth, FL",N/A
Division of Workers' Compensation,William  Roca,12/18/2025,Interviewed,Reappointment,Passaic,Little Falls,N/A
Division of Workers' Compensation,Vidya  Prasad,12/18/2025,Interviewed,Reappointment,N/A,Plainsboro,N/A
William Paterson University of New Jersey - Board of Trustees,Brad  Neilley Sr.,12/18/2025,Considered,Reappointment,Mercer,Princeton,N/A
Superior Court,Melissa L. Medoway,12/18/2025,Interviewed,Deborah Silverman-Katz,Camden,Haddonfield,N/A
New Jersey Public Employment Relations Commission,Pasquale  Papero Jr.,12/18/2025,Considered,Reappointment,"Monmouth, Somerset",Hamilton,N/A
Highlands Water Protection and Planning Council,Matthew  Oswald,12/18/2025,Interviewed,James Rilee,Morris,Riverdale,N/A
New Jersey Transit Corporation,Michael  Beson,12/18/2025,Interviewed,Carlos Medina,N/A,Ocean,N/A
Superior Court,Angelo J. Onofri,12/18/2025,Interviewed,Anthony M. Massi,"Monmouth, Somerset",Hamilton,N/A
William Paterson University of New Jersey - Board of Trustees,William  Pesce,12/18/2025,Considered,Reappointment,"Monmouth, Sussex",Spring Lake,N/A
Administrative Law Judge,Samantha L. Price,12/18/2025,Interviewed,for term,Camden,Haddonfield,N/A
Pascack Joint Municipal Court,Giuseppe C. Randazzo,12/18/2025,Interviewed,for term,Bergen,Ramsey,N/A
Camden County Board of Taxation,Kate  McDonnell,12/18/2025,Considered,William Wilhelm,Camden,Haddon Township,N/A
Administrative Law Judge,Jessica S. O'Connor,12/18/2025,Interviewed,for term,"Burlington, Hunterdon",Palmyra,N/A
New Jersey Sports and Exposition Authority,Louis  Stellato Jr.,12/15/2025,Interviewed,Reappointment,Bergen,Lyndhurst,N/A
College of New Jersey -  Board of Trustees,Carl  Gibbs Jr.,12/15/2025,Considered,Reappointment,N/A,Southampton,N/A
Monmouth County Board of Taxation,Michael  Hirsch,12/15/2025,Considered,Reappointment,Monmouth,Manasquan,N/A
Horizon Blue Cross Blue Shield Inc. Board of Directors,Hetty  Rosenstein,12/15/2025,Withdrawn,Joseph J. Roberts,Essex,South Orange,N/A
Morris County Board of Taxation,Christina  Ramirez,12/15/2025,Considered,Reappointment,"Middlesex, Morris",Morristown,N/A
William Paterson University of New Jersey - Board of Trustees,Frederick  Gruel,12/15/2025,Considered,Reappointment,Monmouth,Ocean Grove,N/A
New Jersey Sports and Exposition Authority,Sam  Parker,12/15/2025,Interviewed,John Duthie,"Monmouth, Ocean",Wanamassa,N/A
Stockton University Board of Trustees,Sonia  Gonsalves,12/15/2025,Considered,Reappointment,N/A,"Oxford, GA",N/A
Domestic Companion Animal Council,Terry  Peifer,12/15/2025,Considered,Janet Lyons-Fairbanks,N/A,Manchester,N/A
Salem County Board of Taxation,Kathy  McAllister,12/15/2025,Considered,Brenda Hall,Salem,Pennsville,N/A
Gloucester County Board of Taxation,Elizabeth  Rogale,12/15/2025,Considered,Reappointment,Gloucester,Sewell,N/A
New Jersey Sports and Exposition Authority,Eric  Pennington,12/15/2025,Interviewed,Reappointment,Essex,Newark,N/A
William Paterson University of New Jersey - Board of Trustees,John  Galandak,12/15/2025,Considered,Reappointment,Sussex,Sandyston,N/A
New Jersey Historic Trust,Janet  Foster,12/15/2025,Considered,Reappointment,Morris,Madison,N/A
Union County Board of Taxation,Mary  O'Connor,12/15/2025,Considered,Peter Lijoi,Union,Cranford,N/A
Board of the Higher Education Student Assistance Authority,Nelson  Turcios,12/15/2025,Considered,Reappointment,N/A,Bridgewater,N/A
Essex County Board of Taxation,Wilson  Pichardo,12/15/2025,Considered,Luis Linares,Essex,Newark,N/A
Sussex County Board of Taxation,John  Fierro,12/15/2025,Considered,Reappointment,Sussex,Ogdensburg,N/A
Sussex County Board of Taxation,John  Fierro,12/15/2025,Reported from Committee,Reappointment,Sussex,Ogdensburg,N/A
Hudson County Board of Taxation,Angelo  Valente,12/15/2025,Considered,Reappointment,Hudson,Hoboken,N/A
Casino Control Commission,James  Plousis,12/15/2025,Interviewed,Reappointment,Cape May,Ocean City,N/A
Camden County Board of Taxation,Melissa  Pollitt,12/15/2025,Considered,Reappointment,Camden,Collingswood,N/A
Athletic Training Advisory Committee,Christina  Emrich,12/15/2025,Considered,William Hynick,Monmouth,Tinton Falls,N/A
Board of the Higher Education Student Assistance Authority,Eduardo  Valenzuela,12/15/2025,Considered,Jean McDonald Rash,Middlesex,Piscataway,N/A
Sussex County Board of Taxation,Richard  Ecke,12/15/2025,Considered,Reappointment,Hunterdon,Byram,N/A
Superior Court,Jill G. O'Malley J.S.C.,12/15/2025,Interviewed,Reappointment,Monmouth,Colts Neck,N/A
"Horizon Blue Cross and Blue Shield, Inc. of New Jersey - Board of Directors",Donna  Smyth,12/15/2025,Received and Referred to SJU,Christopher Bateman,Union,Scotch Plains,N/A
Hudson County Board of Taxation,Michael  Hulings,12/15/2025,Considered,James D'Andrea,Hudson,Bayonne,N/A
Ramapo College of New Jersey - Board of Trustees,Stephan  Lally,12/15/2025,Considered,Bartholomew Talamini,Middlesex,Woodbridge,N/A
College of New Jersey -  Board of Trustees,Thomas  McCarthy,12/15/2025,Considered,Rosedale Hymerling,Monmouth,Allentown,N/A
Fish and Game Council,Raymond  Sarinelli,12/15/2025,Considered,Agust Gudmundsson,Morris,Rockaway,N/A
Administrative Law Judge,John K. Maloney,12/15/2025,Interviewed,for term,Mercer,Ewing Township,N/A
Monmouth County Board of Taxation,Amy  Mallet,12/15/2025,Considered,Reappointment,Monmouth,Tinton Falls,N/A
Monmouth County Board of Taxation,Juan  Malave,12/15/2025,Considered,Reappointment,N/A,Howell,N/A
Division of Workers' Compensation,John P. McGovern,12/15/2025,Interviewed,for term,N/A,Lake Como,N/A
Gloucester County Board of Taxation,Lou  Sebastiani,12/15/2025,Considered,Reappointment,Gloucester,Swedesboro,N/A
Division of Workers' Compensation,Michael M. Luther,12/15/2025,Interviewed,Reappointment,N/A,Mt.Tabor,N/A
Burlington County Board of Taxation,Michael  Locatell,12/15/2025,Considered,Reappointment,N/A,Moorestown,N/A
Monmouth County Board of Taxation,Pamela  Shimko,12/15/2025,Considered,Reappointment,Monmouth,Wall Township,N/A
Highlands Water Protection and Planning Council,Pasquale  Lepore,12/15/2025,Withdrawn,Bruce James,Passaic,Haledon,N/A
New Jersey State Parks and Open Space Foundation,Juan  Melli,12/15/2025,Considered,for term,Hudson,Hoboken,N/A
Casino Reinvestment Development Authority,Michael  Laughlin,12/15/2025,Considered,Reappointment,"Camden, Gloucester",Williamstown,N/A
New Jersey Sports and Exposition Authority,John  Duthie,12/15/2025,Interviewed,Steven Plofker,"Monmouth, Ocean",Ocean Township,N/A
Gloucester County Superintendent of Elections,Stephanie  Salvatore,12/15/2025,Considered,Reappointment,Gloucester,Paulsboro,N/A
State Council on Developmental Disabilities,Michael  McCarthy,12/15/2025,Considered,Tara Montague,Bergen,Dumont,N/A
State Board of Chiropractic Examiners,Jordan  Kovacs,12/15/2025,Considered,Lambros Lambrou,Monmouth,Manasquan,N/A
Motion Picture and Television Development Commission,Janice  Kovach,12/15/2025,Considered,Reappointment,"Essex, Hunterdon, Passaic",Clinton,N/A
New Jersey Historic Trust,Kenneth Alan Miller,12/15/2025,Considered,Reappointment,"Middlesex, Morris",Morristown,N/A
Gloucester County Board of Taxation,Justin  Kolman,12/15/2025,Considered,Reappointment,Gloucester,Glassboro,N/A
New Jersey Water Supply Authority,Kenneth  Klipstein,12/15/2025,Considered,Shing-Fu Hsueh,Hunterdon,Califon,N/A
New Jersey State Parks and Open Space Foundation,Sean  Moriarty,12/15/2025,Considered,for term,Camden,Haddonfield,N/A
Union County Board of Taxation,Jeanne  Kingsley,12/15/2025,Considered,George Wagenhoffer,Union,Berkeley Heights,N/A
William Paterson University of New Jersey - Board of Trustees,Linda  Niro,12/15/2025,Considered,Reappointment,N/A,"Boca Raton, FL",N/A
New Jersey Schools Development Authority,Robert  Nixon,12/15/2025,Considered,Reappointment,Ocean,Manahawkin,N/A
Port Authority of New York and New Jersey,Joseph  Kelley,12/15/2025,Interviewed,Michelle Richardson,Hudson,Hoboken,N/A
New Jersey Transit Corporation,Munr  Kazmir,12/15/2025,Interviewed,Carlos Medina,Bergen,Closter,N/A
to be a Brigadier General of the Air National Guard,Derek  Routt,12/15/2025,Interviewed,Vacant,Atlantic,Egg Harbor Township,N/A
Ramapo College of New Jersey - Board of Trustees,Brady  O'Connor,12/15/2025,Considered,Charles Shotmeyer,"Morris, Warren",Denville,N/A
New Jersey State Parks and Open Space Foundation,Randy  Jones,12/15/2025,Considered,for term,"Middlesex, Somerset",Franklin Park,N/A
Sussex County Board of Taxation,Richard  Ecke,12/15/2025,Reported from Committee,Reappointment,Hunterdon,Byram,N/A
New Jersey State Council on the Arts,Carol  Herbert,12/15/2025,Considered,Reappointment,Ocean,Point Pleasant Borough,N/A
Union County Board of Taxation,Carlos  Carvalho,12/15/2025,Considered,Amelia Mapp,Union,Elizabeth,N/A
Sussex County Board of Taxation,Howard  Zatkowsky,12/15/2025,Reported from Committee,Reappointment,Sussex,Hamburg,N/A
Salem County Board of Taxation,Debra  Behnke,12/15/2025,Considered,Reappointment,Salem,Pennsville,N/A
State Parole Board,Brian  Woods,12/15/2025,Interviewed,Kerri Cody,N/A,Shamong,N/A
State Board of Chiropractic Examiners,E. Asyah  Aquil,12/15/2025,Considered,David Allen,Essex,Newark,N/A
Sussex County Board of Taxation,Phillip  Crabb,12/15/2025,Considered,Andrea Cocula,"Essex, Morris, Sussex",Franklin,N/A
Sussex County Board of Taxation,Howard  Zatkowsky,12/15/2025,Considered,Reappointment,Sussex,Hamburg,N/A
Salem County Board of Taxation,Kevin  Crouch,12/15/2025,Considered,Reappointment,Salem,Woodstown,N/A
Union County Board of Taxation,Nicolino  Curiale,12/15/2025,Considered,Maureen McLeer Morin,Union,Summit,N/A
Hudson County Board of Taxation,Vincent  Cuseglio,12/15/2025,Considered,Reappointment,Hudson,Bayonne,N/A
Sussex County Board of Taxation,George  Conway,12/15/2025,Considered,Reappointment,N/A,Highland Lakes,N/A
College of New Jersey -  Board of Trustees,Angela  Bess,12/15/2025,Considered,Treby McLaughlin Williams,N/A,Moorestown,N/A
Highlands Water Protection and Planning Council,Joseph  Basralian,12/15/2025,Interviewed,Michael Tfank,Morris,Chatham Township,N/A
Historic Sites Council,Lu Ann  De Cunzo Ph.D.,12/15/2025,Considered,Reappointment,Cumberland,Greenwich,N/A
State Board of Education,Mary  Bennett,12/15/2025,Interviewed,Reappointment,Essex,Irvington,N/A
William Paterson University of New Jersey - Board of Trustees,Deborah  Zastocki,12/15/2025,Considered,Reappointment,N/A,"Pittsboro, NC",N/A
Somerset County Board of Taxation,Jeffrey  Wright,12/15/2025,Considered,Elizabeth Graner,Somerset,Hillsborough,N/A
New Jersey Public Employment Relations Commission,Lindsay  Davey,12/15/2025,Considered,Barry Kushnir,Camden,Runnemede,N/A
Ramapo College of New Jersey - Board of Trustees,Susan  Anisfield Vallari,12/15/2025,Considered,Reappointment,Bergen,Upper Saddle River,N/A
Union County Prosecutor,William A. Daniel,12/15/2025,Interviewed,Reappointment,Union,Linden,N/A
Sussex County Board of Taxation,George  Conway,12/15/2025,Reported from Committee,Reappointment,N/A,Highland Lakes,N/A
Domestic Companion Animal Council,Roni  Wildoner,12/15/2025,Considered,Sherry Ramsey,Bergen,Ramsey,N/A
State Parole Board,Frank  Del Vecchio,12/15/2025,Interviewed,Reappointment,Bergen,Ridgewood,N/A
South Jersey Port Corporation,Dominick  Burzichelli,12/15/2025,Considered,Chad Michael Bruner,Gloucester,Gibbstown,N/A
Board of the Higher Education Student Assistance Authority,Christy  Van Horn,12/15/2025,Considered,Reappointment,"Camden, Middlesex, Monmouth",Highland Park,N/A
Hudson County Board of Taxation,Jodi  Drennan,12/15/2025,Considered,Reappointment,Hudson,Jersey City,N/A
Camden County Board of Taxation,Adam  Dembo,12/15/2025,Considered,Vacant,"Camden, Somerset",Voorhees,N/A
Salem County Board of Taxation,Angela  Voros,12/15/2025,Considered,Reappointment,Salem,Pittsgrove,N/A
Superior Court,Chad N. Cagan J.S.C.,12/15/2025,Interviewed,Reappointment,Monmouth,Freehold,N/A
Salem County Board of Taxation,Steven  Caltabiano,12/15/2025,Considered,Reappointment,Salem,Woodstown,N/A
New Jersey Advisory Commission on the Status of Women,Diana  Agu,12/15/2025,Considered,Deborah Berry-Toon,"Middlesex, Morris",Morristown,N/A
Board of the Higher Education Student Assistance Authority,Lisa  Dougherty,12/15/2025,Considered,Jon Larson,Monmouth,Manalapan,N/A
Hudson County Board of Taxation,Robert  Doria,12/15/2025,Considered,Reappointment,Hudson,Bayonne,N/A
Port Authority of New York and New Jersey,Fanny  Cedeno,12/15/2025,Interviewed,Joseph Kelley,Hudson,Union City,N/A
Highlands Water Protection and Planning Council,Caren  Ruitenberg,12/11/2025,Withdrawn,Michael Francis,Sussex,Sparta,N/A
Superior Court,Joseph N. Minish,12/11/2025,Received and Referred to SJU,Carolyn E. Wright,Essex,Roseland,N/A
Highlands Water Protection and Planning Council,Anne  Skoog,12/11/2025,Withdrawn,James Mengucci,Warren,White Township,N/A
Administrative Law Judge,Barbara A. Singer,12/11/2025,Received and Referred to SJU,for term,Monmouth,Holmdel,N/A
New Jersey Schools Development Authority,Daniel  Gumble,12/11/2025,Withdrawn,Reappointment,Bergen,Lyndhurst,N/A
New Jersey Schools Development Authority,Michael  McLaughlin,12/11/2025,Received and Referred to SJU,Daniel Gumble,Somerset,Hillsborough,N/A
Superior Court,Kandace L. Clarke,12/11/2025,Received and Referred to SJU,Linda Lordi Cavanaugh,Essex,Bloomfield,N/A
Division of Workers' Compensation,Walter H. Schneider Jr.,12/11/2025,Received and Referred to SJU,for term,Hudson,Kearny,N/A
Superior Court,Lawrence H. Shapiro,12/11/2025,Received and Referred to SJU,Richard W. English,Monmouth,West Long Branch,N/A
Montclair State University Board of Trustees,Alfred  Bundy,12/11/2025,Withdrawn,Lawrence Inserra,"Hunterdon, Middlesex, Union",Union,N/A
Highlands Water Protection and Planning Council,Helen  Le Frois,12/11/2025,Received and Referred to SJU,Michael Francis,Sussex,Newton,N/A
Superior Court,Kevin R. Reich,12/11/2025,Received and Referred to SJU,Jodi Lee Alper,Morris,Madison,N/A
Atlantic County Board of Taxation,Joanne  Famularo,12/11/2025,Received and Referred to SJU,William Polistina,"Atlantic, Cumberland, Morris",Pleasantville,N/A
State Board of Chiropractic Examiners,Barbara  Emanuel,12/11/2025,Withdrawn,Lambros Lambrou,Warren,Belvidere,N/A
Superior Court,Robert W. Phelan,12/11/2025,Received and Referred to SJU,Teresa A. Kondrup-Coyle,"Cape May, Monmouth, Morris",Middletown,N/A
Fish and Game Council,Raymond  Seborowski,12/08/2025,Received and Referred to SJU,Joseph De Martino,N/A,Howell,N/A
State Investment Council,Samir  Pandiri,12/08/2025,Received and Referred to SJU,Reappointment,Morris,Chatham,N/A
Delaware and Raritan Canal Commission,Matthew  Walsh,12/08/2025,Received and Referred to SJU,John Reiser,N/A,Flemington,N/A
Highlands Water Protection and Planning Council,Kelley  Smith,12/08/2025,Received and Referred to SJU,Abigail Postma,Warren,Phillipsburg,N/A
Passaic Valley Sewerage Commission,Josh  Zielinski,12/08/2025,Received and Referred to SJU,Thomas Tucci,Essex,Montclair,N/A
New Jersey Institute of Technology University Board of Trustees,Demetrios  Stamatis,12/08/2025,Received and Referred to SJU,Reappointment,Union,Mountainside,N/A
Montclair State University - Board of Trustees,Leonard  Carr,12/08/2025,Received and Referred to SJU,Rose Cali,Essex,West Orange,N/A
New Jersey Institute of Technology University Board of Trustees,Elisa  Charters,12/08/2025,Received and Referred to SJU,Reappointment,"Essex, Gloucester, Mercer, Ocean",Cedar Grove,N/A
Camden County Board of Taxation,Brett  Hina,12/08/2025,Received and Referred to SJU,Vacant,Camden,Haddon Township,N/A
Board of Directors of University Hospital,David  Jefferson,12/08/2025,Received and Referred to SJU,Steven Landers,Warren,Warren,N/A
Delaware and Raritan Canal Commission,Caryl  Shoffner,12/08/2025,Received and Referred to SJU,Reappointment,Somerset,South Bound Brook,N/A
Montclair State University - Board of Trustees,Mary  Comito,12/08/2025,Received and Referred to SJU,Reappointment,Essex,Roseland,N/A
Delaware and Raritan Canal Commission,Phillip  Lubitz,12/08/2025,Received and Referred to SJU,Reappointment,"Camden, Hunterdon",Stockton,N/A
New Jersey Institute of Technology University Board of Trustees,Dhiraj  Shah,12/08/2025,Received and Referred to SJU,Reappointment,"Middlesex, Morris",Morristown,N/A
Montclair State University - Board of Trustees,Kent  Sluyter,12/08/2025,Received and Referred to SJU,Reappointment,"Burlington, Hunterdon",Lebanon,N/A
New Jersey Institute of Technology University Board of Trustees,Norma  Clayton,12/08/2025,Received and Referred to SJU,Reappointment,N/A,"Wildwood, MO",N/A
Delaware and Raritan Canal Commission,Douglas  Palmer,12/08/2025,Received and Referred to SJU,Reappointment,Mercer,Princeton,N/A
State Investment Council,Ted  Aronson,12/08/2025,Received and Referred to SJU,Reappointment,N/A,"Philadelphia, PA",N/A
Board of Directors of University Hospital,Sarah  Adelman,12/08/2025,Received and Referred to SJU,Annette Catino,N/A,Moorestown,N/A
Delaware and Raritan Canal Commission,Christopher  Bateman,12/08/2025,Received and Referred to SJU,Bruce Stout,Somerset,Neshanic Station,N/A
State Investment Council,Deepak  Raj,12/08/2025,Received and Referred to SJU,Reappointment,Mercer,Princeton,N/A
New Jersey Institute of Technology University Board of Trustees,Jason  Baynes,12/08/2025,Received and Referred to SJU,Reappointment,N/A,Teaneck,N/A
State Investment Council,Wasseem  Boraie,12/08/2025,Received and Referred to SJU,Reappointment,Middlesex,East Brunswick,N/A
Civil Service Commission,Dolores Ann Gorczyca,12/08/2025,Received and Referred to SJU,Reappointment,Monmouth,Freehold,N/A
Board of Directors of University Hospital,Linda  Baraka,12/08/2025,Received and Referred to SJU,Keith Green,Essex,Newark,N/A
State Investment Council,Leonard  Carr,12/08/2025,Received and Referred to SJU,Reappointment,Essex,West Orange,N/A
State Investment Council,James  Hanson II,12/08/2025,Received and Referred to SJU,Reappointment,Somerset,Bernardsville,N/A
New Jersey Public Employment Relations Commission,Barry  Kushnir,12/08/2025,Withdrawn,Reappointment,N/A,Ocean,N/A
College of New Jersey - Board of Trustees,James  Allen,12/04/2025,Received and Referred to SJU,Reappointment,Mercer,Trenton,N/A
Delaware River Joint Toll Bridge Commission,Lori  Ciesla,12/04/2025,Received and Referred to SJU,Reappointment,Warren,Phillipsburg,N/A
New Jersey Public Employment Relations Commission,David  Hines,12/04/2025,Received and Referred to SJU,Craig Ford,"Mercer, Somerset",Millstone,N/A
Montclair State University - Board of Trustees,Tara  Colton,12/04/2025,Received and Referred to SJU,Lawrence Inserra,Essex,Maplewood,N/A
New Jersey State Council on the Arts,Robin  Gurin,12/04/2025,Received and Referred to SJU,Michael Penna,Hunterdon,Califon,N/A
Gloucester County Board of Taxation,Rocco  Ficara,12/04/2025,Received and Referred to SJU,Reappointment,Gloucester,Woodbury,N/A
Delaware River Joint Toll Bridge Commission,John  Di Veronica,12/04/2025,Received and Referred to SJU,Yuki Moore Laurenti,Mercer,Ewing,N/A
Division of Workers' Compensation,Robert D. Thuring,12/04/2025,Received and Referred to SJU,Reappointment,Middlesex,Spotswood,N/A
Hearing Aid Dispensers Examining Committee,Elena  Weitz,12/04/2025,Received and Referred to SJU,David Weesner,Essex,Livingston,N/A
Middlesex County Board of Taxation,Gary  Hirsch,12/04/2025,Received and Referred to SJU,Kevin Egan,N/A,North Brunswick,N/A
New Jersey Sports and Exposition Authority,Justin  Braz,12/04/2025,Received and Referred to SJU,Marguerite Schaffer,Burlington,Bordentown,N/A
State Real Estate Appraiser Board,Michael  Timoni,12/04/2025,Received and Referred to SJU,Denise Siegel,Middlesex,Colonia,N/A
Division of Workers' Compensation,Anthony R. Mautone Jr.,12/04/2025,Received and Referred to SJU,Reappointment,Essex,Millburn,N/A
Division of Workers' Compensation,Mary H. Casey,12/04/2025,Received and Referred to SJU,Reappointment,Monmouth,Brielle,N/A
Delaware River Joint Toll Bridge Commission,Michael  Lavery,12/04/2025,Received and Referred to SJU,Reappointment,Warren,Hackettstown,N/A
Gloucester County Board of Taxation,Bradley  Blubaugh,12/04/2025,Received and Referred to SJU,Reappointment,Gloucester,Sewell,N/A
New Jersey Board of Public Utilities,Emma  Rebhorn,12/04/2025,Received and Referred to SJU,Joseph Fiordaliso,Essex,Maplewood,N/A
New Jersey Board of Public Utilities,Joseph  Coviello,12/04/2025,Received and Referred to SJU,Marian Abdou,Essex,Nutley,N/A
Rowan University-Rutgers Camden Board of Governors,Lisa  Williams,12/04/2025,Received and Referred to SJU,Micheline Davis,Burlington,Willingboro,N/A
Port Authority of New York and New Jersey,Craig  Guy,12/04/2025,Withdrawn,Joseph Kelley,Hudson,Jersey City,N/A
Superior Court,Joseph A. Levin J.S.C.,12/01/2025,Interviewed,Reappointment,Atlantic,Margate,N/A
Atlantic County Board of Taxation,Stephen  Dicht,12/01/2025,Considered,Reappointment,Atlantic,Ventnor City,N/A
State Investment Council,Domenic  DiPiero,12/01/2025,Considered,Charles Dolan,"Cape May, Monmouth, Morris",Middletown,N/A
Hudson County Deputy Superintendent of Elections,Kevin  Lacey,12/01/2025,Considered,John Brzozowski,Hudson,Jersey City,N/A
Superior Court,Mark B. Shoemaker J.S.C.,12/01/2025,Interviewed,Reappointment,N/A,Mt. Royal,N/A
Local Finance Board,Ryan  Cooper,12/01/2025,Considered,Theodore Light,Union,Cranford,N/A
Passaic County Superintendent of Elections,Shona  Mack-Pollock,12/01/2025,Considered,Reappointment,Passaic,Wanaque,N/A
Thomas Edison State University Board of Trustees,Patricia  Kempton,12/01/2025,Considered,Vacant,Mercer,Ewing,N/A
Atlantic County Board of Taxation,Charles  Woolson Jr.,12/01/2025,Considered,Reappointment,Atlantic,Hammonton,N/A
Superior Court,Benjamin D. Morgan J.S.C.,12/01/2025,Interviewed,Reappointment,Gloucester,Mullica Hill,N/A
Superior Court,Jaclyn  Medina J.S.C.,12/01/2025,Interviewed,Reappointment,Bergen,Paramus,N/A
Superior Court,Peter G. Geiger J.S.C.,12/01/2025,Interviewed,Reappointment,Bergen,Haworth,N/A
Port Authority of New York and New Jersey,Kevin  O'Toole,12/01/2025,Interviewed,Reappointment,"Essex, Gloucester, Mercer, Ocean",Cedar Grove,N/A
Superior Court,Michael N. Beukas J.S.C.,12/01/2025,Interviewed,Reappointment,Bergen,River Vale,N/A
Superior Court,Jacqueline  Boulos,12/01/2025,Received and Referred to SJU,Alberto Rivas,"Morris, Sussex",Monroe,N/A
Superior Court,James P. Hoebich,12/01/2025,Interviewed,Barbara C. Stolte,Middlesex,Metuchen,N/A
Superior Court,Nina C. Remson J.S.C.,12/01/2025,Interviewed,Reappointment,Bergen,Glen Rock,N/A
State Board of Professional Engineers and Land Surveyors,Edward  Stinson,12/01/2025,Considered,James Valenti,Atlantic,Brigantine,N/A
New Jersey Advisory Commission on the Status of Women,Toshira  Maldonado,12/01/2025,Considered,Louvenia Major,Atlantic,Mays Landing,N/A
Superior Court,Philip J. Degnan J.S.C.,12/01/2025,Interviewed,Reappointment,"Burlington, Morris",Chester,N/A
Superior Court,Lisa  James-Beavers J.S.C.,12/01/2025,Interviewed,Reappointment,Burlington,Burlington Township,N/A
Atlantic County Board of Taxation,Janice  Johnston,12/01/2025,Considered,Gregory Sykora,Atlantic,Somers Point,N/A
Superior Court,Eric G. Fikry J.S.C.,12/01/2025,Interviewed,Reappointment,Burlington,Cinnaminson,N/A
Atlantic County Board of Taxation,Michael  Duffy,12/01/2025,Considered,Reappointment,Atlantic,Egg Harbor Township,N/A
Director of the Office of the Administrative Law and Chief Administrative Law Judge,Barry E. Moscowitz,11/24/2025,Received and Referred to SJU,for term,Union,Westfield,N/A
Division of Workers' Compensation,Richard B. Rubenstein,11/24/2025,Received and Referred to SJU,for term,Morris,Chatham,N/A
Stockton University Board of Trustees,Mukesh  Roy,11/24/2025,Withdrawn,Reappointment,Atlantic,Mays Landing,N/A
Rowan University - Rutgers Camden Board of Governors,Kate  McDonnell,11/24/2025,Withdrawn,Lisa Williams,Camden,Haddon Township,N/A
Administrative Law Judge,Andrew M. Duclair,11/24/2025,Received and Referred to SJU,for term,"Camden, Somerset",Voorhees,N/A
Administrative Law Judge,Mindy H. Gensler,11/24/2025,Received and Referred to SJU,for term,Essex,Millburn,N/A
Superior Court,Michael D. DeLoreto,11/24/2025,Received and Referred to SJU,Allison E. Accurso,N/A,Bridgewater,N/A
Superior Court,Francis P. Kapusinski,11/24/2025,Received and Referred to SJU,Honorable Russell J. Passamano,"Essex, Gloucester, Mercer, Ocean",Cedar Grove,N/A
Superior Court,John F. Chiaia,11/24/2025,Received and Referred to SJU,Michael L. Ravin,Essex,North Caldwell,N/A
Ramapo College of New Jersey - Board of Trustees,William  Dator,11/20/2025,Received and Referred to SJU,Reappointment,N/A,Mahwah,N/A
Stockton University Board of Trustees,Collins  Days Sr.,11/20/2025,Received and Referred to SJU,Reappointment,Atlantic,Atlantic City,N/A
New Jersey Sports and Exposition Authority,Gail  Gordon,11/20/2025,Received and Referred to SJU,Reappointment,Bergen,Fair Lawn,N/A
College of New Jersey -  Board of Trustees,Suchir  Govindarajan,11/20/2025,Received and Referred to SJU,Tammy Tibbetts,N/A,Bridgewater,N/A
New Jersey Sports and Exposition Authority,Thomas  Mullahey,11/20/2025,Received and Referred to SJU,Reappointment,Bergen,Rutherford,N/A
Rutgers University - Board of Trustees,Derrick  Green,11/20/2025,Received and Referred to SJU,Hollis Copeland,N/A,Southampton,N/A
New Jersey Turnpike Authority,Raphael  Salermo,11/20/2025,Received and Referred to SJU,Reappointment,Warren,Warren,N/A
State Parole Board,Christopher  Bateman,11/20/2025,Received and Referred to SJU,Thomas Haaf,Somerset,Neshanic Station,N/A
New Jersey Transit Corporation,Evan  Weiss,11/20/2025,Received and Referred to SJU,Reappointment,Hunterdon,Frenchtown,N/A
New Jersey Institute of Technology University Board of Trustees,Diane  Montalto,11/20/2025,Received and Referred to SJU,Reappointment,N/A,Woodcliff Lake,N/A
William Paterson University of New Jersey - Board of Trustees,Robert  Guarasci,11/20/2025,Received and Referred to SJU,Reappointment,Passaic,Paterson,N/A
Rowan University Board of Trustees,Lawrence  Salva,11/20/2025,Received and Referred to SJU,Reappointment,N/A,"Philadelphia, PA",N/A
Montclair State University - Board of Trustees,Marie- Marthelle Guervil,11/20/2025,Received and Referred to SJU,Douglas Kennedy,Union,Linden,N/A
New Jersey Sports and Exposition Authority,Daniel  Gumble,11/20/2025,Received and Referred to SJU,Michael Gluck,Bergen,Lyndhurst,N/A
"Horizon Blue Cross and Blue Shield, Inc. of New Jersey - Board of Directors",Mahen  Gunaratna,11/20/2025,Received and Referred to SJU,Ralph Caputo,Union,Westfield,N/A
Ramapo College of New Jersey - Board of Trustees,George  Ruotolo Jr.,11/20/2025,Received and Referred to SJU,Reappointment,Bergen,Cliffside Park,N/A
Board of the Higher Education Student Assistance Authority,F. Shawn  O'Neill,11/20/2025,Received and Referred to SJU,Vacant,Passaic,Hawthorne,N/A
College of New Jersey -  Board of Trustees,Priscilla  Nunez,11/20/2025,Received and Referred to SJU,Reappointment,Passaic,Clifton,N/A
William Paterson University of New Jersey - Board of Trustees,Audrey  McDowell,11/20/2025,Received and Referred to SJU,Reappointment,Passaic,Paterson,N/A
Montclair State University - Board of Trustees,Michelle  DeAngelo Bucceri,11/20/2025,Received and Referred to SJU,Preston Pinkett III,Bergen,Lyndhurst,N/A
New Jersey Sports and Exposition Authority,John  Ballantyne,11/20/2025,Received and Referred to SJU,Reappointment,Sussex,Andover,N/A
Board of Higher Education Student Assistance Authority,Katherine  Gallagher,11/20/2025,Received and Referred to SJU,Elaine Papas-Varas,Essex,West Orange,N/A
New Jersey Institute of Technology University Board of Trustees,Nicholas  DeNichilo,11/20/2025,Received and Referred to SJU,Reappointment,Union,Scotch Plains,N/A
Rutgers University - Board of Trustees,Meet  Patel,11/20/2025,Received and Referred to SJU,Michael DuHaime,Bergen,Montvale,N/A
Board of Higher Education Student Assistance Authority,Drew  Aromando,11/20/2025,Received and Referred to SJU,Michael Braden,Ocean,Ortley Beach,N/A
Rowan University Board of Trustees,Barbara  Armand Kushner,11/20/2025,Received and Referred to SJU,Reappointment,N/A,"Fort Lauderdale, Florida",N/A
Rutgers University - Board of Trustees,Jeanne  Fox,11/20/2025,Received and Referred to SJU,Reappointment,Middlesex,New Brunswick,N/A
State Council on Developmental Disabilities,Maria Emma Anderson,11/20/2025,Received and Referred to SJU,Stephanie Pratico,Passaic,Prospect Park,N/A
Stockton University Board of Trustees,Madeleine  Deininger,11/20/2025,Received and Referred to SJU,Reappointment,N/A,"Sonoma, CA",N/A
Montclair State University - Board of Trustees,Arlene  Quinones Perez,11/20/2025,Received and Referred to SJU,William Mullen,N/A,Alexandria,N/A
New Jersey Turnpike Authority,Ulises  Diaz,11/20/2025,Received and Referred to SJU,Reappointment,Bergen,Rutherford,N/A
Rowan University Board of Trustees,Jean  Edelman,11/20/2025,Received and Referred to SJU,Reappointment,N/A,"Great Falls, VA",N/A
Rowan University Board of Trustees,Adam  Taliaferro,11/20/2025,Received and Referred to SJU,Reappointment,Gloucester,Swedesboro,N/A
Rutgers University - Board of Trustees,Marc  de Grandpre,11/20/2025,Received and Referred to SJU,Robert Mortensen,N/A,Old Tappan,N/A
William Paterson University of New Jersey - Board of Trustees,Lourdes  Cortez,11/20/2025,Received and Referred to SJU,Reappointment,Bergen,Elmwood Park,N/A
State Parole Board,Annette  Chaparro,11/20/2025,Received and Referred to SJU,Reappointment,Hudson,Hoboken,N/A
Pinelands Commission,Robert  Jackson,11/20/2025,Received and Referred to SJU,Edward Lloyd,Cape May,Del Haven,N/A
New Jersey Institute of Technology University Board of Trustees,Robert  Cohen,11/20/2025,Received and Referred to SJU,Reappointment,Somerset,Basking Ridge,N/A
New Jersey Sports and Expostion Authority,Mark  Longo,11/20/2025,Received and Referred to SJU,Joseph Buckelew,Bergen,Cresskill,N/A
William Paterson University of New Jersey - Board of Trustees,Joseph  Velli,11/20/2025,Received and Referred to SJU,Reappointment,Bergen,Franklin Lakes,N/A
College of New Jersey -  Board of Trustees,Frederick  Keating,11/20/2025,Received and Referred to SJU,Eleanor Horne,Gloucester,Glassboro,N/A
Casino Reinvestment Development Authority,William  Sproule,11/20/2025,Received and Referred to SJU,Reappointment,N/A,Galloway,N/A
Rowan University Board of Trustees,Sean  Kennedy,11/20/2025,Received and Referred to SJU,Anthony Calabrese,Burlington,Medford,N/A
William Paterson University of New Jersey - Board of Trustees,Michael  Seeve,11/20/2025,Received and Referred to SJU,Reappointment,Essex,Upper Montclair,N/A
Rowan University - Rutgers Camden Board of Governors,Jacquelyn  Suarez,11/20/2025,Received and Referred to SJU,Louis Bezich,Monmouth,Sea Girt,N/A
Ramapo College of New Jersey - Board of Trustees,David  Schlussel,11/20/2025,Received and Referred to SJU,Reappointment,N/A,Teaneck,N/A
Stockton University Board of Trustees,Mary  Maples,11/20/2025,Received and Referred to SJU,Reappointment,Monmouth,Lincroft,N/A
William Paterson University of New Jersey - Board of Trustees,Kevin  Lenahan,11/20/2025,Received and Referred to SJU,Reappointment,Morris,Flanders,N/A
New Jersey Institute of Technology University Board of Trustees,Gary  Dahms,11/20/2025,Received and Referred to SJU,Reappointment,Monmouth,Allenwood,N/A
State Parole Board,Marguerite  Schaffer,11/20/2025,Received and Referred to SJU,Julio Marenco,Somerset,Bedminster,N/A
Superior Court,Joseph A. Maurice,10/27/2025,Received and Referred to SJU,Margaret M. Foti,N/A,Wyckoff,N/A
Superior Court,William F. Waldron Jr.,10/27/2025,Received and Referred to SJU,Joseph Paone,Middlesex,Metuchen,N/A
Superior Court,Kevin J. O'Connor,10/27/2025,Received and Referred to SJU,Bridget A. Stecher,Essex,Verona,N/A
Superior Court,Adam J. Adrignolo Sr.,10/27/2025,Received and Referred to SJU,Randal C. Chiocca,Morris,Montville,N/A
Superior Court,Falguni  Patel,10/27/2025,Received and Referred to SJU,Deborah J. Venezia,Middlesex,Colonia,N/A
Delaware River Joint Toll Bridge Commission,Richard  Storcella,10/20/2025,Withdrawn,Yuki Moore Laurenti,"Mercer, Morris, Sussex",Hopewell,N/A
Administrative Law Judge,Marianne  Ortega,06/30/2025,Interviewed,for term,N/A,Wyckoff,N/A
Warren County Board of Taxation,Gina  DiMaio,06/30/2025,Considered,William Watras,Warren,Hackettstown,N/A
Administrative Law Judge,Sandra L. Lascari,06/30/2025,Interviewed,for term,Morris,Madison,N/A
Superior Court,Michelle H. Badolato,06/30/2025,Interviewed,Anthony M. Pugliese,N/A,Cherry Hill,N/A
Cannabis Regulatory Commission,Harris  Laufer,06/30/2025,Interviewed,Maria Del Cid-Kusso,"Burlington, Union",Springfield,N/A
Rowan University - Board of Trustees,Brenda  Bacon,06/30/2025,Considered,Reappointment,Camden,Voorhees Township,N/A
Superior Court,Michael J. Parlavecchio,06/30/2025,Advise and Consent,Verna G. Leath,Essex,Short Hills,N/A
Warren County Board of Taxation,Walter  Orcutt,06/30/2025,Considered,Darryl Malcolm,Warren,Blairstown,N/A
Board of Governors - Rutgers University,Nicholas  Fixmer,06/30/2025,Interviewed,Mohammad Zubair,N/A,Green Brook,N/A
Bergen County Board of Taxation,Thomas  Toscano,06/30/2025,Considered,Steven Schuster,Bergen,Hackensack,N/A
Superior Court,Jason C. Tuchman,06/30/2025,Advise and Consent,Miguel A. De La Carrera,Passaic,Wayne,N/A
Superior Court,Thomas S. Fennelly,06/30/2025,Advise and Consent,David H. Ironson,"Middlesex, Morris",Morristown,N/A
Shellfisheries Council,Kevin  Kirk,06/30/2025,Considered,Walter Hughes,Monmouth,Atlantic Highlands,N/A
Superior Court,Frank D. DeRienzo,06/30/2025,Advise and Consent,Rosemary E. Ramsay,Morris,Boonton,N/A
New Jersey City University Board of Trustees,Michael  Prilutsky,06/30/2025,Advise and Consent,Edward Whittaker,Mercer,Princeton,N/A
Casino Control Comission,Mario C. Formica,06/30/2025,Advise and Consent,Alissa Cooper,Cape May,Woodbine,N/A
Board of Governors - Rutgers University,John Michael Vazquez,06/30/2025,Advise and Consent,Gregory Brown,Camden,Camden,N/A
Bergen County Board of Taxation,Carla  Poleshuk Hummel,06/30/2025,Considered,John Schettino,Bergen,Franklin Lakes,N/A
Superior Court,Roger  Lai,06/30/2025,Interviewed,Robert P. Backer,Gloucester,Sewell,N/A
New Jersey Transportation Trust Fund Authority,David  Rible,06/30/2025,Interviewed,Robert Brian Jr.,Monmouth,Wall Township,N/A
College of New Jersey - Board of Trustees,Derek  Roseman,06/30/2025,Advise and Consent,Rebecca Ostrov,Hunterdon,Lambertville,N/A
Port Authority of New York and New Jersey,J. Christian  Bollwage,06/30/2025,Interviewed,Reappointment,Union,Elizabeth,N/A
Casino Reinvestment Development Authority,Paulina  Banasiak,06/30/2025,Considered,Reappointment,Burlington,Bordentown City,N/A
Superior Court,Nidara Y. Rourk,06/30/2025,Advise and Consent,Siobhan Teare,Essex,East Orange,N/A
State Board of Agriculture,Holly  Sytsema,06/30/2025,Advise and Consent,Lisa Yount Specca,N/A,Wantage,N/A
Domestic Companion Animal Council,Christopher  Hellwig,06/30/2025,Advise and Consent,Albert Greco,Camden,Collingswood,N/A
Superior Court,Patrick D. Heller,06/30/2025,Advise and Consent,Kevin M. Shanahan,N/A,Whitehouse Station,N/A
Board of Governors - Rutgers University,Gary  Taffet,06/30/2025,Interviewed,Reappointment,Middlesex,East Brunswick,N/A
Rowan University - Board of Trustees,Stephen  Sweeney,06/30/2025,Advise and Consent,Frank Giordano,N/A,West Deptford,N/A
Superior Court,Natasha J. McLaurin,06/30/2025,Interviewed,Edward J. McBride,"Camden, Somerset",Voorhees,N/A
New Jersey State Parks and Open Space Foundation,Allison  McLeod,06/30/2025,Considered,for term,N/A,Aberdeen,N/A
Gateway Development Commission,Victor  Herlinsky Jr.,06/30/2025,Advise and Consent,Janine Bauer,Essex,Newark,N/A
Domestic Companion Animal Council,Nicole  Bencivengo,06/30/2025,Advise and Consent,Michael Melchionne,Burlington,Chesterfield,N/A
Bergen County Board of Taxation,Corrado  Belgiovine,06/30/2025,Considered,John Cross,N/A,Woodcliff lake,N/A
New Jersey Maritime Pilot and Docking Pilot Commission,Charles  Wowkanech,06/30/2025,Considered,Reappointment,Cape May,Ocean City,N/A
State Parole Board,Alexander  Mirabella,06/30/2025,Interviewed,Robert Riccardella,Union,Fanwood,N/A
Superior Court,Stephen T. Sullivan Jr.,06/30/2025,Interviewed,Sheree V. Pitchford,"Burlington, Hunterdon, Middlesex, Morris, Salem, Somerset, Union",Milltown,N/A
Division of Workers' Compensation,Diana E. Montes-Infante,06/30/2025,Advise and Consent,Reappointment,Essex,West Caldwell,N/A
New Jersey State Council on the Arts,Jeremy  Grunin,06/30/2025,Advise and Consent,Reappointment,Ocean,Toms River,N/A
Warren County Board of Taxation,Robert  Stead,06/30/2025,Considered,Reappointment,Warren,Hackettstown,N/A
New Jersey State Council on the Arts,Felicia  Grant,06/30/2025,Considered,Reappointment,"Gloucester, Monmouth",Red Bank,N/A
Superior Court,Darrin  Howard,06/30/2025,Advise and Consent,Michael J. Haas,N/A,Moorestown,N/A
Director of the Division of Taxation,Marita  Sciarrotta,06/30/2025,Advise and Consent,Michael J. Bryan,Mercer,West Trenton,N/A
Superior Court,Deborah L. Mains,06/30/2025,Advise and Consent,George H. Gangloff,Gloucester,Franklinville,N/A
Division of Workers' Compensation,April M. Gilmore,06/30/2025,Advise and Consent,for term,Bergen,Rutherford,N/A
Superior Court,John F. Gillick,06/30/2025,Advise and Consent,Timothy P. Lydon,Middlesex,Old Bridge,N/A
Horizon Blue Cross and Blue Shield Inc. of New Jersey - Board of Directors,Kelly  Maer,06/30/2025,Advise and Consent,Reappointment,Monmouth,Manasquan,N/A
Superior Court,Daniel  Brown,06/30/2025,Advise and Consent,Joseph A. Portelli,Passaic,Clifton,N/A
Superior Court,Maria A. Giammona,06/30/2025,Advise and Consent,Raymond A. Reddin,Passaic,Wayne,N/A
Superior Court,Daniel D. Barnes,06/30/2025,Advise and Consent,Garry S. Rothstadt,Passaic,Wayne,N/A
State Board of Agriculture,Hillary  Barile,06/30/2025,Considered,Kurt Alstede,"Cumberland, Warren",Shiloh,N/A
Warren County Board of Taxation,Charles  Boddy,06/30/2025,Considered,Elizabeth Gittins,"Burlington, Warren",Washington,N/A
Administrative Law Judge,Andrea Beth Spevak,06/30/2025,Interviewed,for term,N/A,Cherry Hill,N/A
Superior Court,Annmarie  Simeone,06/30/2025,Interviewed,John A. Jorgensen,Middlesex,Woodbridge,N/A
"Horizon Blue Cross and Blue Shield, Inc. of New Jersey - Board of Directors",Stephanie  Lagos,06/26/2025,Received and Referred to SJU,Joseph J. Roberts,Burlington,Bordentown,N/A
New Jersey State Commission on Cancer Research,Arnold  Rabson,06/26/2025,Received and Referred to SJU,Anna Marie Skalka,Mercer,Princeton,N/A
Highlands Water Protection and Planning Council,Sara  Sooy,06/19/2025,Withdrawn,Robert Walton,Somerset,Watchung,N/A
Rowan University - Board of Trustees,Frank  Giordano,06/19/2025,Withdrawn,Reappointment,N/A,Moorestown,N/A
Superior Court,Richard  Nunes,06/19/2025,Received and Referred to SJU,Thomas M. Moore,Essex,South Orange,N/A
State Board of Polysomnography,David  Oczos,06/12/2025,Received and Referred to SJU,Gerald Ferencz,Hudson,Jersey City,N/A
Superior Court,Victoria L. Kuhn,06/12/2025,Received and Referred to SJU,Jeanne T. Covert,Gloucester,Mullica Hill,N/A
Atlantic County Board of Taxation,William  Polistina,06/12/2025,Received and Referred to SJU,Reappointment,N/A,Galloway,N/A
New Jersey State Parks and Open Space Foundation,Tenisha  Malcolm-Wint,06/12/2025,Received and Referred to SJU,for term,Essex,Irvington,N/A
New Jersey State Parks and Open Space Foundation,James  Lyons,06/12/2025,Received and Referred to SJU,for term,Passaic,West Milford,N/A
State Board of Polysomnography,Sylvana  Serrano,06/12/2025,Received and Referred to SJU,Michael Lahey,Bergen,Cliffside Park,N/A
Orthotics and Prosthetics Board of Examiners,Imran  Ashraf,06/12/2025,Received and Referred to SJU,Charles Markowitz,Bergen,Closter,N/A
New Jersey Institute of Technology Board of Trustees,Adam  Shain,06/02/2025,Advise and Consent,Kuo-Lin Hu,Somerset,Bernardsville,N/A
Victims of Crime Compensation Review Board,John  Holl,06/02/2025,Advise and Consent,Reappointment,"Gloucester, Monmouth",Red Bank,N/A
Fish and Game Council,Jeffrey  Bowlby,06/02/2025,Advise and Consent,Alex Robert Puskus,Hunterdon,Ringoes,N/A
New Jersey Institute of Technology Board of Trustees,Adam  Broder,06/02/2025,Advise and Consent,Joseph Taylor,N/A,Pinebrook,N/A
Thomas Edison State University Board of Trustees,Edward  Bullock,06/02/2025,Advise and Consent,Vacant,"Monmouth, Somerset",Hamilton,N/A
Ocean County Board of Taxation,John  Furey,06/02/2025,Advise and Consent,Julia Jacobsen,Ocean,Toms River,N/A
Superior Court,Matthew R. Sage,06/02/2025,Advise and Consent,Rochelle Gizinski,Ocean,Toms River,N/A
New Jersey Secure Choice Savings Board,Evelyn  Liebman,06/02/2025,Advise and Consent,Reappointment,Burlington,Mount Holly,N/A
Domestic Companion Animal Council,Ross  Licitra,06/02/2025,Advise and Consent,Terrence Clark,Monmouth,Morganville,N/A
State Lottery Commission,Ian  Leonard,06/02/2025,Advise and Consent,Reappointment,Camden,Camden,N/A
Superior Court,Douglas M. Singleterry,06/02/2025,Advise and Consent,Bradford M. Bury,Somerset,North Plainfield,N/A
Gloucester County Prosecutor,Andrew  Johns,06/02/2025,Advise and Consent,Charles A. Fiore,Gloucester,Pitman,N/A
New Jersey State Council on the Arts,Evelyn  McGee Colbert,06/02/2025,Advise and Consent,Ofelia Garcia,Essex,Montclair,N/A
New Jersey City University Board of Trustees,Evan  Weiss,06/02/2025,Advise and Consent,Edward Fowlkes,Hunterdon,Frenchtown,N/A
Ocean County Board of Taxation,Kathleen  Frisch,06/02/2025,Advise and Consent,Mitchell Seim,Ocean,Whiting,N/A
Ocean County Board of Taxation,Glenn  Harrison,06/02/2025,Advise and Consent,Reappointment,Ocean,Lakewood,N/A
Historic Sites Council,Melbourne  Garber,06/02/2025,Advise and Consent,William M. Sanders,Mercer,Pennington,N/A
Thomas Edison State University Board of Trustees,Grace  Rarich,06/02/2025,Advise and Consent,Vacant,Mercer,Titusville,N/A
Thomas Edison State University Board of Trustees,Carl  Benedetti,06/02/2025,Advise and Consent,Vacant,Mercer,Ewing,N/A
Superior Court,Charles D. Bauer,06/02/2025,Advise and Consent,James Den Uyl,Ocean,Toms River,N/A
Thomas Edison State University Board of Trustees,Yingchao  Zhang,06/02/2025,Advise and Consent,Franklin Clyburn,N/A,West Windsor,N/A
Division of Workers' Compensation,John C. Rodriguez,06/02/2025,Advise and Consent,for term,Bergen,Cliffside Park,N/A
Rowan University Board of Trustees,Adam  Taliaferro,06/02/2025,Advise and Consent,Kris Kolluri,Gloucester,Swedesboro,N/A
Ocean County Board of Taxation,Lisa  Hodgson Henson,06/02/2025,Advise and Consent,Reappointment,Ocean,Surf City,N/A
State Agriculture Development Committee,Jessica  Niederer,06/02/2025,Advise and Consent,Pete Johnson,Mercer,Pennington,N/A
to be a member and Chair of the New Jersey Public Employment Relations Commission,Mary  Hennessy-Shotter,06/02/2025,Advise and Consent,Reappointment,N/A,Ocean,N/A
New Jersey Public Employment Relations Commission,Craig  Ford,05/29/2025,Withdrawn,Reappointment,Hudson,Bayonne,N/A
Superior Court,Pearl  Minato,05/22/2025,Withdrawn,The Honorable Michael J. Haas,Burlington,Mount Laurel,N/A
Rutgers University Board of Governors,Faustino  Fernandez-Vina,05/22/2025,Withdrawn,Gregory Brown,Camden,Barrington,N/A
Passaic County Superintendent of Elections,Shona  Mack-Pollock,05/19/2025,Withdrawn,Reappointment,Passaic,Wanaque,N/A
Superior Court,Frank J. Morano,05/19/2025,Withdrawn,The Honorable Bradford M. Bury,Somerset,Martinsville,N/A
Rowan University - Board of Trustees,George  Loesch,05/12/2025,Received and Referred to SJU,Reappointment,Burlington,Mount Laurel,N/A
New Jersey State Council on the Arts,Ruth  Lipper,05/12/2025,Received and Referred to SJU,Reappointment,Union,Summit,N/A
Domestic Companion Animal Council,Larry  Cohen,05/12/2025,Received and Referred to SJU,Kathleen Schatzmann,Union,Fanwood,N/A
Domestic Companion Animal Council,Brian  Hackett,05/12/2025,Received and Referred to SJU,Roseann Trezza,Burlington,Wrightstown,N/A
New Jersey State Council on the Arts,Gina  Hulings,05/12/2025,Received and Referred to SJU,Reappointment,Hudson,Bayonne,N/A
New Jersey State Council on the Arts,Dolores Del Deo Kirk,05/12/2025,Received and Referred to SJU,Reappointment,Essex,Roseland,N/A
Mercer County Board of Taxation,Frank  Ragazzo,03/24/2025,Considered,Reappointment,"Atlantic, Mercer",Hamilton Township,N/A
Historic Sites Council,Jean  Howson,03/24/2025,Considered,David Markunas,Monmouth,Atlantic Highlands,N/A
Historic Sites Council,Michele  Glassburg,03/24/2025,Considered,Mary-Anna Holden,Hunterdon,Lambertville,N/A
Historic Sites Council,Marilou  Ehrler,03/24/2025,Considered,Reappointment,Mercer,Titusville,N/A
Superior Court,Christopher F. Struben,03/24/2025,Interviewed,Douglas M. Fasciale,Middlesex,Colonia,N/A
Rowan University Board of Trustees,Virginia  Smith,03/24/2025,Considered,Reappointment,N/A,"Newtown, PA.",N/A
Rowan University Board of Trustees,Thomas  Gallia,03/24/2025,Considered,Reappointment,Gloucester,Glassboro,N/A
to be a Brigadier General of the Army National Guard,Arthur  Roscoe,03/24/2025,Interviewed,for term,Salem,Woodstown,N/A
Rowan University Board of Trustees,Michael  Carbone,03/24/2025,Considered,Reappointment,N/A,"Estero, FL.",N/A
Mercer County Board of Taxation,Richard  Carabelli Jr.,03/24/2025,Considered,Reappointment,"Monmouth, Somerset",Hamilton,N/A
Delaware River and Bay Authority,M. Earl  Ransome,03/24/2025,Interviewed,Reappointment,Salem,Pedricktown,N/A
Delaware River Joint Toll Bridge Commission,Aladar G. Komjathy,03/24/2025,Interviewed,Reappointment,Hunterdon,Lambertville,N/A
Superior Court,Michael  Antoniewicz J.S.C.,03/24/2025,Interviewed,Reappointment,Bergen,Edgewater,N/A
Camden County Board of Taxation,Donald  Reich,03/24/2025,Considered,Reappointment,Camden,Haddonfield,N/A
Ocean County Board of Taxation,Gary  Quinn,03/24/2025,Considered,Benjamin Harrison Mabie III,Ocean,Forked River,N/A
Administrative Law Judge,Claudia L. Marchese,03/24/2025,Interviewed,for term,Hunterdon,Hampton Borough,N/A
Rowan University Board of Trustees,Nick  Petroni,03/24/2025,Considered,Reappointment,Gloucester,Glassboro,N/A
Administrative Law Judge.,Susan  McCabe,03/24/2025,Interviewed,for term,Ocean,Barnegat,N/A
Capital City Redevelopment Corporation,Rosa  Rosado,03/24/2025,Considered,Reappointment,Mercer,Titusville,N/A
New Jersey Motor Vehicle Commission,Elvin  Montero,03/24/2025,Interviewed,Amy Mallet,Mercer,Ewing,N/A
Historic Sites Council,Susan  Ryan,03/24/2025,Considered,Constance Greiff,Middlesex,Cranbury,N/A
Delaware River Port Authority,Jeffrey  Nash,03/24/2025,Interviewed,Reappointment,Atlantic,Hammonton,N/A
New Jersey State Council on the Arts,Kaylan  Jones,03/17/2025,Received and Referred to SJU,Philip Colicchio,Essex,East Orange,N/A
New Jersey State Council on the Arts,Vedra  Chandler,03/17/2025,Received and Referred to SJU,Lana Gold Walder,Camden,Camden,N/A
Tidelands Resource Council,Zoe  Baldwin,02/25/2025,Advise and Consent,Charles Schoening,N/A,Neptune,N/A
Commissioner of the Department of Education,Kevin  Dehmer,02/25/2025,Advise and Consent,Lamont Repollet,Hunterdon,Lambertville,N/A
Thomas Edison State University Board of Trustees,Gregory  Brewer,02/25/2025,Advise and Consent,Johnnie Whittington,N/A,Clemmons,N/A
Thomas Edison State University Board of Trustees,Diane  Campbell,02/25/2025,Advise and Consent,Kemi Alli,Mercer,Trenton,N/A
Thomas Edison State University Board of Trustees,Marc  Citron,02/25/2025,Advise and Consent,Vacant,Mercer,Princeton,N/A
Capital City Redevelopment Corporation,Anthony  Cimino,02/25/2025,Advise and Consent,Reappointment,"Monmouth, Somerset",Hamilton,N/A
Mercer County Board of Taxation,Rose Marie  Bowen-Lewis,02/25/2025,Advise and Consent,Reappointment,Mercer,Lawrenceville,N/A
Tidelands Resource Council,Anjuli  Ramos,02/25/2025,Advise and Consent,Philip DiBeradino,"Cumberland, Mercer",Lawrence Township,N/A
Board of Governors - Rutgers University,George  Helmy,02/25/2025,Interviewed,William Tambussi,Morris,Mountain Lakes,N/A
Mercer County Board of Taxation,Edward  Hoffman,02/25/2025,Advise and Consent,Reappointment,Mercer,Ewing,N/A
Superior Court,Brent M. Rafuse,02/25/2025,Interviewed,Michael C. Gaus,Sussex,Sparta,N/A
to be Chair of the State Parole Board,Sam  Plumeri Jr.,02/25/2025,Advise and Consent,Reappointment,Mercer,Hamilton Square,N/A
Delaware River Joint Toll Bridge Commission,Walter  Orcutt,02/25/2025,Advise and Consent,Garrett Leonard VanVliet,Warren,Blairstown,N/A
State Planning Commission,Jeffrey  Oakman,02/25/2025,Considered,Louise Wilson,Mercer,Princeton,N/A
College of New Jersey Board of Trustees,Yuki  Moore Laurenti,02/25/2025,Advise and Consent,Brian Markinson,Mercer,Trenton,N/A
Superior Court,Jeanette  Russell,02/25/2025,Interviewed,Angela White Dalton,Monmouth,Wall Township,N/A
State Council on Developmental Disabilities,Yana  Mermel,02/25/2025,Advise and Consent,Leah Ziskin,"Gloucester, Middlesex",Monroe Township,N/A
Cannabis Regulatory Commission,Amelia  Mapp,02/25/2025,Advise and Consent,Charles Barker,Union,Plainfield,N/A
Superior Court,Claire  Scully,02/25/2025,Interviewed,David R. Bauman,N/A,Howell,N/A
Thomas Edison State University Board of Trustees,Frank  Lucchesi,02/25/2025,Considered,Lydia Stockman,Ocean,Manahawkin,N/A
Delaware River Port Authority,Sara Shuttleworth Lipsett,02/25/2025,Advise and Consent,Reappointment,N/A,Cherry Hill,N/A
Capital City Redevelopment Corporation,Jeffrey  Laurenti,02/25/2025,Advise and Consent,Reappointment,Mercer,Trenton,N/A
State Council on Developmental Disabilities,Pamela  King,02/25/2025,Advise and Consent,Gary Rubin,N/A,Cherry Hill,N/A
Highlands Water Protection and Planning Council,William  Kibler,02/25/2025,Advise and Consent,Richard Vohden,Hunterdon,Califon,N/A
Morris County Board of Taxation,William  Kersey,02/25/2025,Advise and Consent,Reappointment,Morris,Wharton,N/A
State Council on Developmental Disabilities,Michelle  Solomon,02/25/2025,Advise and Consent,Kara Sellix,N/A,East Windsor,N/A
New Jersey Board of Tree Experts,Shari  Spero,02/25/2025,Advise and Consent,Pamela Zipse,Monmouth,Manalapan,N/A
Marine Fisheries Council,Gregory  Hueth,02/25/2025,Advise and Consent,Sergio Radossi,Monmouth,Sea Girt,N/A
Tidelands Resource Council,Lori  Hohenleitner,02/25/2025,Advise and Consent,Robert Neff,Monmouth,Atlantic Highlands,N/A
Mercer County Board of Taxation,Fareeda  Stokes,02/25/2025,Advise and Consent,Reappointment,Mercer,Ewing,N/A
Superior Court,Edward W. Hoffman P.J.F.P.,02/25/2025,Advise and Consent,Reappointment,Burlington,Marlton,N/A
Burlington County Board of Taxation,Lester  Holley,01/14/2025,Received and Referred to SJU,Reappointment,Burlington,Edgewater Park,N/A
New Jersey Turnpike Authority,Michael  Delamater,01/14/2025,Received and Referred to SJU,Ronald Gravino,"Middlesex, Morris",Morristown,N/A
New Jersey Board of Public Utilities,Marian  Abdou,01/14/2025,Received and Referred to SJU,Reappointment,Somerset,Basking Ridge,N/A
